INSERT INTO GENDER (Id, Description) VALUES ('6f08fab6-c62e-4306-9d77-c82c9c6a23ac','Male')
INSERT INTO GENDER (Id, Description) VALUES ('54182038-4abf-42ff-b05a-0f4c414cbc8b','Female')
INSERT INTO GENDER (Id, Description) VALUES ('177a07f2-3493-49a4-a720-ac96c51c7c43','Other')

--CREATE FUNCTION GetStudentRollNo(@Rno INT)
-- RETURNS NVARCHAR(20)  
-- AS  
--BEGIN  
--     DECLARE @day NVARCHAR(20)

--SET @day = RIGHT('0000000000' +CONVERT(NVARCHAR(4), DATEPART(YEAR, GETDATE()))+CONVERT(NVARCHAR(2), DATEPART(MONTH, GETDATE()))+ CONVERT(NVARCHAR(2), DATEPART(DAY, GETDATE())) + CONVERT(NVARCHAR(3), DATEPART(SECOND, GETDATE()))+@Rno, 10)

--    RETURN (@day)  
--END


INSERT INTO STUDENT (RollNo,Id, FirstName, LastName, DateOfBirth, Email, Mobile, ProfileImageUrl, GenderId) VALUES (dbo.GetStudentRollNo(1),'5fc32d8d-fe01-4acb-b059-7fc1f9e0d093','Debra','Burks','1989-05-16','Debra.Burks@gmaill.com',91254684566,NULL,'54182038-4abf-42ff-b05a-0f4c414cbc8b')
INSERT INTO STUDENT (RollNo,Id, FirstName, LastName, DateOfBirth, Email, Mobile, ProfileImageUrl, GenderId) VALUES (dbo.GetStudentRollNo(2),'f670d0c5-04f7-4dbc-9a1e-1ef62a729066','Kasha','Todd','1989-05-17','Kasha.Todd@gmaill.com',91254684576,NULL,'6f08fab6-c62e-4306-9d77-c82c9c6a23ac')
INSERT INTO STUDENT (RollNo,Id, FirstName, LastName, DateOfBirth, Email, Mobile, ProfileImageUrl, GenderId) VALUES (dbo.GetStudentRollNo(3),'559d582d-b6d4-4d99-a090-28488b1dcebd','Tameka','Fisher','1989-05-18','Tameka.Fisher@gmaill.com',91254684586,NULL,'54182038-4abf-42ff-b05a-0f4c414cbc8b')
INSERT INTO STUDENT (RollNo,Id, FirstName, LastName, DateOfBirth, Email, Mobile, ProfileImageUrl, GenderId) VALUES (dbo.GetStudentRollNo(4),'96a49bd5-7fb5-455d-a93c-1b75f97ddf8f','Daryl','Spence','1989-05-19','Daryl.Spence@gmaill.com',91254684596,NULL,'6f08fab6-c62e-4306-9d77-c82c9c6a23ac')
INSERT INTO STUDENT (RollNo,Id, FirstName, LastName, DateOfBirth, Email, Mobile, ProfileImageUrl, GenderId) VALUES (dbo.GetStudentRollNo(5),'5a36113a-1119-4e38-856a-ecdade8b2bc4','Charolette','Rice','1989-05-20','Charolette.Rice@gmaill.com',91254684606,NULL,'54182038-4abf-42ff-b05a-0f4c414cbc8b')
INSERT INTO STUDENT (RollNo,Id, FirstName, LastName, DateOfBirth, Email, Mobile, ProfileImageUrl, GenderId) VALUES (dbo.GetStudentRollNo(6),'130ed8f6-b2a4-41b5-ab1e-5d332392c3f7','Lyndsey','Bean','1989-05-21','Lyndsey.Bean@gmaill.com',91254684616,NULL,'54182038-4abf-42ff-b05a-0f4c414cbc8b')
INSERT INTO STUDENT (RollNo,Id, FirstName, LastName, DateOfBirth, Email, Mobile, ProfileImageUrl, GenderId) VALUES (dbo.GetStudentRollNo(7),'6baa4a04-12f1-42b5-ac6d-0989f0f3b520','Latasha','Hays','1989-05-22','Latasha.Hays@gmaill.com',91254684626,NULL,'54182038-4abf-42ff-b05a-0f4c414cbc8b')
INSERT INTO STUDENT (RollNo,Id, FirstName, LastName, DateOfBirth, Email, Mobile, ProfileImageUrl, GenderId) VALUES (dbo.GetStudentRollNo(8),'27a926f5-f207-4a08-8994-1e537c119d36','Jacquline','Duncan','1989-05-23','Jacquline.Duncan@gmaill.com',91254684636,NULL,'6f08fab6-c62e-4306-9d77-c82c9c6a23ac')
INSERT INTO STUDENT (RollNo,Id, FirstName, LastName, DateOfBirth, Email, Mobile, ProfileImageUrl, GenderId) VALUES (dbo.GetStudentRollNo(9),'916612b4-4c1c-4277-b60c-e7fcf61bcd16','Genoveva','Baldwin','1989-05-24','Genoveva.Baldwin@gmaill.com',91254684646,NULL,'6f08fab6-c62e-4306-9d77-c82c9c6a23ac')
INSERT INTO STUDENT (RollNo,Id, FirstName, LastName, DateOfBirth, Email, Mobile, ProfileImageUrl, GenderId) VALUES (dbo.GetStudentRollNo(1),'8d02ac84-e172-45dc-806b-8a3ed9eecb4a','Pamelia','Newman','1989-05-25','Pamelia.Newman@gmaill.com',91254684656,NULL,'6f08fab6-c62e-4306-9d77-c82c9c6a23ac')
INSERT INTO STUDENT (RollNo,Id, FirstName, LastName, DateOfBirth, Email, Mobile, ProfileImageUrl, GenderId) VALUES (dbo.GetStudentRollNo(2),'c0a33661-29f0-42f6-ba15-9bc21657ded5','Deshawn','Mendoza','1989-05-26','Deshawn.Mendoza@gmaill.com',91254684666,NULL,'177a07f2-3493-49a4-a720-ac96c51c7c43')
INSERT INTO STUDENT (RollNo,Id, FirstName, LastName, DateOfBirth, Email, Mobile, ProfileImageUrl, GenderId) VALUES (dbo.GetStudentRollNo(3),'c4711687-de30-424e-b482-1f4be96e759e','Robby','Sykes','1989-05-27','Robby.Sykes@gmaill.com',91254684676,NULL,'177a07f2-3493-49a4-a720-ac96c51c7c43')
INSERT INTO STUDENT (RollNo,Id, FirstName, LastName, DateOfBirth, Email, Mobile, ProfileImageUrl, GenderId) VALUES (dbo.GetStudentRollNo(4),'0a5058fc-e8ee-4319-b5d4-c3176008de59','Lashawn','Ortiz','1989-05-28','Lashawn.Ortiz@gmaill.com',91254684686,NULL,'177a07f2-3493-49a4-a720-ac96c51c7c43')
INSERT INTO STUDENT (RollNo,Id, FirstName, LastName, DateOfBirth, Email, Mobile, ProfileImageUrl, GenderId) VALUES (dbo.GetStudentRollNo(5),'cc3541cb-5db1-4e33-83a4-7efe5df17bb1','Garry','Espinoza','1989-05-29','Garry.Espinoza@gmaill.com',91254684696,NULL,'177a07f2-3493-49a4-a720-ac96c51c7c43')
INSERT INTO STUDENT (RollNo,Id, FirstName, LastName, DateOfBirth, Email, Mobile, ProfileImageUrl, GenderId) VALUES (dbo.GetStudentRollNo(6),'05323ed2-2743-43a9-a82e-3785faea18d6','Linnie','Branch','1989-05-30','Linnie.Branch@gmaill.com',91254684706,NULL,'54182038-4abf-42ff-b05a-0f4c414cbc8b')
INSERT INTO STUDENT (RollNo,Id, FirstName, LastName, DateOfBirth, Email, Mobile, ProfileImageUrl, GenderId) VALUES (dbo.GetStudentRollNo(7),'512f6a2a-0883-4f7a-95af-aca67de9c541','Emmitt','Sanchez','1989-05-31','Emmitt.Sanchez@gmaill.com',91254684716,NULL,'177a07f2-3493-49a4-a720-ac96c51c7c43')
INSERT INTO STUDENT (RollNo,Id, FirstName, LastName, DateOfBirth, Email, Mobile, ProfileImageUrl, GenderId) VALUES (dbo.GetStudentRollNo(8),'a17cf5cd-9dac-4e00-a0c3-83fd8df6d79e','Caren','Stephens','1989-06-01','Caren.Stephens@gmaill.com',91254684726,NULL,'177a07f2-3493-49a4-a720-ac96c51c7c43')
INSERT INTO STUDENT (RollNo,Id, FirstName, LastName, DateOfBirth, Email, Mobile, ProfileImageUrl, GenderId) VALUES (dbo.GetStudentRollNo(9),'5c5b464d-7363-497b-b5d8-57eeb4ed3c63','Georgetta','Hardin','1989-06-02','Georgetta.Hardin@gmaill.com',91254684736,NULL,'6f08fab6-c62e-4306-9d77-c82c9c6a23ac')
INSERT INTO STUDENT (RollNo,Id, FirstName, LastName, DateOfBirth, Email, Mobile, ProfileImageUrl, GenderId) VALUES (dbo.GetStudentRollNo(1),'d5ae73b5-3dce-48be-abdf-df0ab5428e00','Lizzette','Stein','1989-06-03','Lizzette.Stein@gmaill.com',91254684746,NULL,'177a07f2-3493-49a4-a720-ac96c51c7c43')
INSERT INTO STUDENT (RollNo,Id, FirstName, LastName, DateOfBirth, Email, Mobile, ProfileImageUrl, GenderId) VALUES (dbo.GetStudentRollNo(2),'b88d4d95-d355-4367-b715-239815a73463','Aleta','Shepard','1989-06-04','Aleta.Shepard@gmaill.com',91254684756,NULL,'6f08fab6-c62e-4306-9d77-c82c9c6a23ac')
INSERT INTO STUDENT (RollNo,Id, FirstName, LastName, DateOfBirth, Email, Mobile, ProfileImageUrl, GenderId) VALUES (dbo.GetStudentRollNo(3),'67683d07-cd7d-48c3-9e54-cfc7bba1a66e','Tobie','Little','1989-06-05','Tobie.Little@gmaill.com',91254684766,NULL,'177a07f2-3493-49a4-a720-ac96c51c7c43')
INSERT INTO STUDENT (RollNo,Id, FirstName, LastName, DateOfBirth, Email, Mobile, ProfileImageUrl, GenderId) VALUES (dbo.GetStudentRollNo(4),'b9dbc0dc-b225-4f07-b7bc-f0e7850b6d7d','Adelle','Larsen','1989-06-06','Adelle.Larsen@gmaill.com',91254684776,NULL,'54182038-4abf-42ff-b05a-0f4c414cbc8b')
INSERT INTO STUDENT (RollNo,Id, FirstName, LastName, DateOfBirth, Email, Mobile, ProfileImageUrl, GenderId) VALUES (dbo.GetStudentRollNo(5),'7ae8f15b-e93a-4f77-941a-de08b70ede62','Kaylee','English','1989-06-07','Kaylee.English@gmaill.com',91254684786,NULL,'177a07f2-3493-49a4-a720-ac96c51c7c43')
INSERT INTO STUDENT (RollNo,Id, FirstName, LastName, DateOfBirth, Email, Mobile, ProfileImageUrl, GenderId) VALUES (dbo.GetStudentRollNo(6),'5a817020-175c-42c5-a363-3a4b75b81590','Corene','Wall','1989-06-08','Corene.Wall@gmaill.com',91254684796,NULL,'177a07f2-3493-49a4-a720-ac96c51c7c43')
INSERT INTO STUDENT (RollNo,Id, FirstName, LastName, DateOfBirth, Email, Mobile, ProfileImageUrl, GenderId) VALUES (dbo.GetStudentRollNo(7),'e2d18c5a-1aba-45f1-ae2b-b7dc19379222','Regenia','Vaughan','1989-06-09','Regenia.Vaughan@gmaill.com',91254684806,NULL,'6f08fab6-c62e-4306-9d77-c82c9c6a23ac')
INSERT INTO STUDENT (RollNo,Id, FirstName, LastName, DateOfBirth, Email, Mobile, ProfileImageUrl, GenderId) VALUES (dbo.GetStudentRollNo(8),'99cfc907-1bbf-4023-b9a3-1151b2a487c2','Theo','Reese','1989-06-10','Theo.Reese@gmaill.com',91254684816,NULL,'54182038-4abf-42ff-b05a-0f4c414cbc8b')
INSERT INTO STUDENT (RollNo,Id, FirstName, LastName, DateOfBirth, Email, Mobile, ProfileImageUrl, GenderId) VALUES (dbo.GetStudentRollNo(9),'83045206-9970-4d13-8def-008091160c88','Santos','Valencia','1989-06-11','Santos.Valencia@gmaill.com',91254684826,NULL,'6f08fab6-c62e-4306-9d77-c82c9c6a23ac')
INSERT INTO STUDENT (RollNo,Id, FirstName, LastName, DateOfBirth, Email, Mobile, ProfileImageUrl, GenderId) VALUES (dbo.GetStudentRollNo(1),'bab6884d-bc30-4cd8-858b-e486e8fbc922','Jeanice','Frost','1989-06-12','Jeanice.Frost@gmaill.com',91254684836,NULL,'6f08fab6-c62e-4306-9d77-c82c9c6a23ac')
INSERT INTO STUDENT (RollNo,Id, FirstName, LastName, DateOfBirth, Email, Mobile, ProfileImageUrl, GenderId) VALUES (dbo.GetStudentRollNo(2),'b64a59ae-19a3-486b-a449-ddaf07767681','Syreeta','Hendricks','1989-06-13','Syreeta.Hendricks@gmaill.com',91254684846,NULL,'6f08fab6-c62e-4306-9d77-c82c9c6a23ac')
INSERT INTO STUDENT (RollNo,Id, FirstName, LastName, DateOfBirth, Email, Mobile, ProfileImageUrl, GenderId) VALUES (dbo.GetStudentRollNo(3),'89087b68-3c4d-4cf4-97f4-14ad6fa955bd','Jamaal','Albert','1989-06-14','Jamaal.Albert@gmaill.com',91254684856,NULL,'177a07f2-3493-49a4-a720-ac96c51c7c43')
INSERT INTO STUDENT (RollNo,Id, FirstName, LastName, DateOfBirth, Email, Mobile, ProfileImageUrl, GenderId) VALUES (dbo.GetStudentRollNo(4),'bf621684-eacb-44f4-8764-3c1177f21be7','Williemae','Holloway','1989-06-15','Williemae.Holloway@gmaill.com',91254684866,NULL,'54182038-4abf-42ff-b05a-0f4c414cbc8b')
INSERT INTO STUDENT (RollNo,Id, FirstName, LastName, DateOfBirth, Email, Mobile, ProfileImageUrl, GenderId) VALUES (dbo.GetStudentRollNo(5),'c32391d8-0432-4052-8d80-924eabfd74f1','Araceli','Golden','1989-06-16','Araceli.Golden@gmaill.com',91254684876,NULL,'177a07f2-3493-49a4-a720-ac96c51c7c43')
INSERT INTO STUDENT (RollNo,Id, FirstName, LastName, DateOfBirth, Email, Mobile, ProfileImageUrl, GenderId) VALUES (dbo.GetStudentRollNo(6),'af0a75de-b5a1-4a04-b5ed-80102bdbcff9','Deloris','Burke','1989-06-17','Deloris.Burke@gmaill.com',91254684886,NULL,'177a07f2-3493-49a4-a720-ac96c51c7c43')
INSERT INTO STUDENT (RollNo,Id, FirstName, LastName, DateOfBirth, Email, Mobile, ProfileImageUrl, GenderId) VALUES (dbo.GetStudentRollNo(7),'b3094942-8322-4433-92ec-18ee8dae9bf8','Brittney','Woodward','1989-06-18','Brittney.Woodward@gmaill.com',91254684896,NULL,'177a07f2-3493-49a4-a720-ac96c51c7c43')
INSERT INTO STUDENT (RollNo,Id, FirstName, LastName, DateOfBirth, Email, Mobile, ProfileImageUrl, GenderId) VALUES (dbo.GetStudentRollNo(8),'965b3ae9-a101-468a-ace7-334cd08125fb','Guillermina','Noble','1989-06-19','Guillermina.Noble@gmaill.com',91254684906,NULL,'54182038-4abf-42ff-b05a-0f4c414cbc8b')
INSERT INTO STUDENT (RollNo,Id, FirstName, LastName, DateOfBirth, Email, Mobile, ProfileImageUrl, GenderId) VALUES (dbo.GetStudentRollNo(9),'9bdfa358-067d-49b4-92a2-1ca9a7a25f73','Bernita','Mcdaniel','1989-06-20','Bernita.Mcdaniel@gmaill.com',91254684916,NULL,'177a07f2-3493-49a4-a720-ac96c51c7c43')
INSERT INTO STUDENT (RollNo,Id, FirstName, LastName, DateOfBirth, Email, Mobile, ProfileImageUrl, GenderId) VALUES (dbo.GetStudentRollNo(1),'2404d122-26da-45a3-b9ff-eb3193716c8f','Melia','Brady','1989-06-21','Melia.Brady@gmaill.com',91254684926,NULL,'177a07f2-3493-49a4-a720-ac96c51c7c43')
INSERT INTO STUDENT (RollNo,Id, FirstName, LastName, DateOfBirth, Email, Mobile, ProfileImageUrl, GenderId) VALUES (dbo.GetStudentRollNo(2),'8c060c82-4764-42a4-b777-153eb1c26175','Zelma','Browning','1989-06-22','Zelma.Browning@gmaill.com',91254684936,NULL,'54182038-4abf-42ff-b05a-0f4c414cbc8b')
INSERT INTO STUDENT (RollNo,Id, FirstName, LastName, DateOfBirth, Email, Mobile, ProfileImageUrl, GenderId) VALUES (dbo.GetStudentRollNo(3),'43a0b2cd-7db1-43ff-a377-7336ea229175','Janetta','Aguirre','1989-06-23','Janetta.Aguirre@gmaill.com',91254684946,NULL,'54182038-4abf-42ff-b05a-0f4c414cbc8b')
INSERT INTO STUDENT (RollNo,Id, FirstName, LastName, DateOfBirth, Email, Mobile, ProfileImageUrl, GenderId) VALUES (dbo.GetStudentRollNo(4),'04f804ca-8f71-4d24-a761-472f979bb3bc','Ronna','Butler','1989-06-24','Ronna.Butler@gmaill.com',91254684956,NULL,'54182038-4abf-42ff-b05a-0f4c414cbc8b')
INSERT INTO STUDENT (RollNo,Id, FirstName, LastName, DateOfBirth, Email, Mobile, ProfileImageUrl, GenderId) VALUES (dbo.GetStudentRollNo(5),'845a3a45-4906-4c3c-929f-a5fee587c2e3','Kathie','Freeman','1989-06-25','Kathie.Freeman@gmaill.com',91254684966,NULL,'54182038-4abf-42ff-b05a-0f4c414cbc8b')
INSERT INTO STUDENT (RollNo,Id, FirstName, LastName, DateOfBirth, Email, Mobile, ProfileImageUrl, GenderId) VALUES (dbo.GetStudentRollNo(6),'929d926f-a2f9-47c6-900e-d4a939634c60','Tangela','Quinn','1989-06-26','Tangela.Quinn@gmaill.com',91254684976,NULL,'54182038-4abf-42ff-b05a-0f4c414cbc8b')
INSERT INTO STUDENT (RollNo,Id, FirstName, LastName, DateOfBirth, Email, Mobile, ProfileImageUrl, GenderId) VALUES (dbo.GetStudentRollNo(7),'4a8ad9d4-c3cc-44f3-afb8-fe1cba62d15c','Mozelle','Carter','1989-06-27','Mozelle.Carter@gmaill.com',91254684986,NULL,'177a07f2-3493-49a4-a720-ac96c51c7c43')
INSERT INTO STUDENT (RollNo,Id, FirstName, LastName, DateOfBirth, Email, Mobile, ProfileImageUrl, GenderId) VALUES (dbo.GetStudentRollNo(8),'d03ccd49-fb84-4a35-99f5-7c722c1286a0','Onita','Johns','1989-06-28','Onita.Johns@gmaill.com',91254684996,NULL,'54182038-4abf-42ff-b05a-0f4c414cbc8b')
INSERT INTO STUDENT (RollNo,Id, FirstName, LastName, DateOfBirth, Email, Mobile, ProfileImageUrl, GenderId) VALUES (dbo.GetStudentRollNo(9),'2870f843-e913-4e82-a953-3a6385dca47d','Bennett','Armstrong','1989-06-29','Bennett.Armstrong@gmaill.com',91254685006,NULL,'177a07f2-3493-49a4-a720-ac96c51c7c43')



INSERT INTO ADDRESS (Id, PhysicalAddress, PostalAddress, StudentId) VALUES ('d8b123a6-24cc-4627-b90a-ee9fc6b712f4',null,null,'5fc32d8d-fe01-4acb-b059-7fc1f9e0d093')
INSERT INTO ADDRESS (Id, PhysicalAddress, PostalAddress, StudentId) VALUES ('cac02107-4b6a-45e9-b22d-d6223b3dc00b',null,null,'f670d0c5-04f7-4dbc-9a1e-1ef62a729066')
INSERT INTO ADDRESS (Id, PhysicalAddress, PostalAddress, StudentId) VALUES ('706badb8-3dff-42ca-b725-4a0d45b54d92',null,null,'559d582d-b6d4-4d99-a090-28488b1dcebd')
INSERT INTO ADDRESS (Id, PhysicalAddress, PostalAddress, StudentId) VALUES ('74d4245e-833b-4b6b-b7c2-54214018264c',null,null,'96a49bd5-7fb5-455d-a93c-1b75f97ddf8f')
INSERT INTO ADDRESS (Id, PhysicalAddress, PostalAddress, StudentId) VALUES ('1edb71c8-1969-4cc3-a1c1-6d569d2903a6',null,null,'5a36113a-1119-4e38-856a-ecdade8b2bc4')
INSERT INTO ADDRESS (Id, PhysicalAddress, PostalAddress, StudentId) VALUES ('e5119a6f-6d2d-498f-9f36-40d39d817baf',null,null,'130ed8f6-b2a4-41b5-ab1e-5d332392c3f7')
INSERT INTO ADDRESS (Id, PhysicalAddress, PostalAddress, StudentId) VALUES ('3e9619ad-c370-4ba5-b832-714a1350c218',null,null,'6baa4a04-12f1-42b5-ac6d-0989f0f3b520')
INSERT INTO ADDRESS (Id, PhysicalAddress, PostalAddress, StudentId) VALUES ('e7e11b67-92c3-4959-a81a-788c5dc26e91',null,null,'27a926f5-f207-4a08-8994-1e537c119d36')
INSERT INTO ADDRESS (Id, PhysicalAddress, PostalAddress, StudentId) VALUES ('cfe806c2-96e8-4417-b9d7-cdb9b717cb4f',null,null,'916612b4-4c1c-4277-b60c-e7fcf61bcd16')
INSERT INTO ADDRESS (Id, PhysicalAddress, PostalAddress, StudentId) VALUES ('7f106144-32db-412e-a520-5c413c15c08d',null,null,'8d02ac84-e172-45dc-806b-8a3ed9eecb4a')
INSERT INTO ADDRESS (Id, PhysicalAddress, PostalAddress, StudentId) VALUES ('1fd43b1a-8a00-4a8a-81e8-73ff8255895b',null,null,'c0a33661-29f0-42f6-ba15-9bc21657ded5')
INSERT INTO ADDRESS (Id, PhysicalAddress, PostalAddress, StudentId) VALUES ('21ae4154-0b45-4390-9c91-254444f89fc9',null,null,'c4711687-de30-424e-b482-1f4be96e759e')
INSERT INTO ADDRESS (Id, PhysicalAddress, PostalAddress, StudentId) VALUES ('65468d83-9470-47e8-9469-5fdf3264d904',null,null,'0a5058fc-e8ee-4319-b5d4-c3176008de59')
INSERT INTO ADDRESS (Id, PhysicalAddress, PostalAddress, StudentId) VALUES ('a62e7a6a-7281-4dcf-a55d-76f20f7fc949',null,null,'cc3541cb-5db1-4e33-83a4-7efe5df17bb1')
INSERT INTO ADDRESS (Id, PhysicalAddress, PostalAddress, StudentId) VALUES ('0914409f-c15d-4955-9467-017a139a0a64',null,null,'05323ed2-2743-43a9-a82e-3785faea18d6')
INSERT INTO ADDRESS (Id, PhysicalAddress, PostalAddress, StudentId) VALUES ('040ffbca-5aee-4f11-b7a0-948887640c1a',null,null,'512f6a2a-0883-4f7a-95af-aca67de9c541')
INSERT INTO ADDRESS (Id, PhysicalAddress, PostalAddress, StudentId) VALUES ('493ee2b9-008d-4925-85ab-207b2ba1b6ae',null,null,'a17cf5cd-9dac-4e00-a0c3-83fd8df6d79e')
INSERT INTO ADDRESS (Id, PhysicalAddress, PostalAddress, StudentId) VALUES ('d08a677d-7e00-491c-9716-60c6e905db26',null,null,'5c5b464d-7363-497b-b5d8-57eeb4ed3c63')
INSERT INTO ADDRESS (Id, PhysicalAddress, PostalAddress, StudentId) VALUES ('5b60a09d-8d79-45d2-8652-6ded114c3c05',null,null,'d5ae73b5-3dce-48be-abdf-df0ab5428e00')
INSERT INTO ADDRESS (Id, PhysicalAddress, PostalAddress, StudentId) VALUES ('8b9d496f-cae8-4e84-9d97-4575d33afdd3',null,null,'b88d4d95-d355-4367-b715-239815a73463')
INSERT INTO ADDRESS (Id, PhysicalAddress, PostalAddress, StudentId) VALUES ('d5bd06de-3d10-4281-a853-87daf3f3c730',null,null,'67683d07-cd7d-48c3-9e54-cfc7bba1a66e')
INSERT INTO ADDRESS (Id, PhysicalAddress, PostalAddress, StudentId) VALUES ('052b5145-5b0a-4c68-89f6-5d5b9155ae03',null,null,'b9dbc0dc-b225-4f07-b7bc-f0e7850b6d7d')
INSERT INTO ADDRESS (Id, PhysicalAddress, PostalAddress, StudentId) VALUES ('575dcfa0-67d7-47ef-84ef-7b049118ba4b',null,null,'7ae8f15b-e93a-4f77-941a-de08b70ede62')
INSERT INTO ADDRESS (Id, PhysicalAddress, PostalAddress, StudentId) VALUES ('b1ebe685-2e0c-419b-86c0-117b3a5b4f5d',null,null,'5a817020-175c-42c5-a363-3a4b75b81590')
INSERT INTO ADDRESS (Id, PhysicalAddress, PostalAddress, StudentId) VALUES ('227cb2ac-cf00-4b5e-afbd-990d50725cb1',null,null,'e2d18c5a-1aba-45f1-ae2b-b7dc19379222')
INSERT INTO ADDRESS (Id, PhysicalAddress, PostalAddress, StudentId) VALUES ('f0fec15a-6725-4d79-9712-1e6a40b48311',null,null,'99cfc907-1bbf-4023-b9a3-1151b2a487c2')
INSERT INTO ADDRESS (Id, PhysicalAddress, PostalAddress, StudentId) VALUES ('7b590994-24be-4d64-ae78-c261d1f12aba',null,null,'83045206-9970-4d13-8def-008091160c88')
INSERT INTO ADDRESS (Id, PhysicalAddress, PostalAddress, StudentId) VALUES ('66df573e-deab-4855-bd6d-d712f149eb7c',null,null,'bab6884d-bc30-4cd8-858b-e486e8fbc922')
INSERT INTO ADDRESS (Id, PhysicalAddress, PostalAddress, StudentId) VALUES ('dc587d1b-a9a6-421e-8559-8f6c9aba2cce',null,null,'b64a59ae-19a3-486b-a449-ddaf07767681')
INSERT INTO ADDRESS (Id, PhysicalAddress, PostalAddress, StudentId) VALUES ('4aabc524-ec58-46a7-a379-62e310990df1',null,null,'89087b68-3c4d-4cf4-97f4-14ad6fa955bd')
INSERT INTO ADDRESS (Id, PhysicalAddress, PostalAddress, StudentId) VALUES ('7e349bd0-8ec0-402b-8488-d3d3c12d0075',null,null,'bf621684-eacb-44f4-8764-3c1177f21be7')
INSERT INTO ADDRESS (Id, PhysicalAddress, PostalAddress, StudentId) VALUES ('d321ec1c-cceb-4355-acf2-9450c7fc24dc',null,null,'c32391d8-0432-4052-8d80-924eabfd74f1')
INSERT INTO ADDRESS (Id, PhysicalAddress, PostalAddress, StudentId) VALUES ('f15c45a2-aa6e-4d35-aedd-529524bfaaa0',null,null,'af0a75de-b5a1-4a04-b5ed-80102bdbcff9')
INSERT INTO ADDRESS (Id, PhysicalAddress, PostalAddress, StudentId) VALUES ('e4e833fa-a6da-4812-8e62-2c488168789e',null,null,'b3094942-8322-4433-92ec-18ee8dae9bf8')
INSERT INTO ADDRESS (Id, PhysicalAddress, PostalAddress, StudentId) VALUES ('c0e554ff-74fd-4a93-93d9-a3bc2b8a0f2c',null,null,'965b3ae9-a101-468a-ace7-334cd08125fb')
INSERT INTO ADDRESS (Id, PhysicalAddress, PostalAddress, StudentId) VALUES ('89c8ab66-a724-4bec-b357-62f975a77a7e',null,null,'9bdfa358-067d-49b4-92a2-1ca9a7a25f73')
INSERT INTO ADDRESS (Id, PhysicalAddress, PostalAddress, StudentId) VALUES ('3082ee7a-4d20-4fc9-ac5d-45ee53b9787a',null,null,'2404d122-26da-45a3-b9ff-eb3193716c8f')
INSERT INTO ADDRESS (Id, PhysicalAddress, PostalAddress, StudentId) VALUES ('bb7a6c78-07a8-4b66-bf37-e5897ded9f35',null,null,'8c060c82-4764-42a4-b777-153eb1c26175')
INSERT INTO ADDRESS (Id, PhysicalAddress, PostalAddress, StudentId) VALUES ('789278bd-1072-4d27-9fc3-e87eff454619',null,null,'43a0b2cd-7db1-43ff-a377-7336ea229175')
INSERT INTO ADDRESS (Id, PhysicalAddress, PostalAddress, StudentId) VALUES ('77d78192-c96c-4b17-82a8-c421744eb988',null,null,'04f804ca-8f71-4d24-a761-472f979bb3bc')
INSERT INTO ADDRESS (Id, PhysicalAddress, PostalAddress, StudentId) VALUES ('5384fe48-7057-45dd-b289-85bcf1d7a354',null,null,'845a3a45-4906-4c3c-929f-a5fee587c2e3')
INSERT INTO ADDRESS (Id, PhysicalAddress, PostalAddress, StudentId) VALUES ('d20a7021-0699-4b90-9d97-ba848c651aca',null,null,'929d926f-a2f9-47c6-900e-d4a939634c60')
INSERT INTO ADDRESS (Id, PhysicalAddress, PostalAddress, StudentId) VALUES ('7ed88c92-bdfe-4292-9dcb-d9b1b8dec96f',null,null,'4a8ad9d4-c3cc-44f3-afb8-fe1cba62d15c')
INSERT INTO ADDRESS (Id, PhysicalAddress, PostalAddress, StudentId) VALUES ('116df77a-530e-4c20-8cfb-2a259a1ccc0b',null,null,'d03ccd49-fb84-4a35-99f5-7c722c1286a0')
INSERT INTO ADDRESS (Id, PhysicalAddress, PostalAddress, StudentId) VALUES ('85e60483-0b74-4fc6-a137-7c4931ea2fb2',null,null,'2870f843-e913-4e82-a953-3a6385dca47d')


GO

--INSERT INTO TEACHERS(TeacherCode,Id, FirstName, LastName, DateOfBirth, Email, Mobile, ProfileImageUrl, GenderId) VALUES (dbo.GetStudentRollNo(1),NEWID(),'Debra','Burks','1989-05-16','Debra.Burks@gmaill.com',91254684566,NULL,'54182038-4abf-42ff-b05a-0f4c414cbc8b')
--INSERT INTO TEACHERS(TeacherCode,Id, FirstName, LastName, DateOfBirth, Email, Mobile, ProfileImageUrl, GenderId) VALUES (dbo.GetStudentRollNo(2),NEWID(),'Kasha','Todd','1989-05-17','Kasha.Todd@gmaill.com',91254684576,NULL,'6f08fab6-c62e-4306-9d77-c82c9c6a23ac')
--INSERT INTO TEACHERS(TeacherCode,Id, FirstName, LastName, DateOfBirth, Email, Mobile, ProfileImageUrl, GenderId) VALUES (dbo.GetStudentRollNo(3),NEWID(),'Tameka','Fisher','1989-05-18','Tameka.Fisher@gmaill.com',91254684586,NULL,'54182038-4abf-42ff-b05a-0f4c414cbc8b')
--INSERT INTO TEACHERS(TeacherCode,Id, FirstName, LastName, DateOfBirth, Email, Mobile, ProfileImageUrl, GenderId) VALUES (dbo.GetStudentRollNo(4),NEWID(),'Daryl','Spence','1989-05-19','Daryl.Spence@gmaill.com',91254684596,NULL,'6f08fab6-c62e-4306-9d77-c82c9c6a23ac')
--INSERT INTO TEACHERS(TeacherCode,Id, FirstName, LastName, DateOfBirth, Email, Mobile, ProfileImageUrl, GenderId) VALUES (dbo.GetStudentRollNo(5),NEWID(),'Charolette','Rice','1989-05-20','Charolette.Rice@gmaill.com',91254684606,NULL,'54182038-4abf-42ff-b05a-0f4c414cbc8b')
--INSERT INTO TEACHERS(TeacherCode,Id, FirstName, LastName, DateOfBirth, Email, Mobile, ProfileImageUrl, GenderId) VALUES (dbo.GetStudentRollNo(6),NEWID(),'Lyndsey','Bean','1989-05-21','Lyndsey.Bean@gmaill.com',91254684616,NULL,'54182038-4abf-42ff-b05a-0f4c414cbc8b')
--INSERT INTO TEACHERS(TeacherCode,Id, FirstName, LastName, DateOfBirth, Email, Mobile, ProfileImageUrl, GenderId) VALUES (dbo.GetStudentRollNo(7),NEWID(),'Latasha','Hays','1989-05-22','Latasha.Hays@gmaill.com',91254684626,NULL,'54182038-4abf-42ff-b05a-0f4c414cbc8b')
--INSERT INTO TEACHERS(TeacherCode,Id, FirstName, LastName, DateOfBirth, Email, Mobile, ProfileImageUrl, GenderId) VALUES (dbo.GetStudentRollNo(8),NEWID(),'Jacquline','Duncan','1989-05-23','Jacquline.Duncan@gmaill.com',91254684636,NULL,'6f08fab6-c62e-4306-9d77-c82c9c6a23ac')
--INSERT INTO TEACHERS(TeacherCode,Id, FirstName, LastName, DateOfBirth, Email, Mobile, ProfileImageUrl, GenderId) VALUES (dbo.GetStudentRollNo(9),NEWID(),'Genoveva','Baldwin','1989-05-24','Genoveva.Baldwin@gmaill.com',91254684646,NULL,'6f08fab6-c62e-4306-9d77-c82c9c6a23ac')
--INSERT INTO TEACHERS(TeacherCode,Id, FirstName, LastName, DateOfBirth, Email, Mobile, ProfileImageUrl, GenderId) VALUES (dbo.GetStudentRollNo(1),NEWID(),'Pamelia','Newman','1989-05-25','Pamelia.Newman@gmaill.com',91254684656,NULL,'6f08fab6-c62e-4306-9d77-c82c9c6a23ac')
--INSERT INTO TEACHERS(TeacherCode,Id, FirstName, LastName, DateOfBirth, Email, Mobile, ProfileImageUrl, GenderId) VALUES (dbo.GetStudentRollNo(2),NEWID(),'Deshawn','Mendoza','1989-05-26','Deshawn.Mendoza@gmaill.com',91254684666,NULL,'177a07f2-3493-49a4-a720-ac96c51c7c43')
--INSERT INTO TEACHERS(TeacherCode,Id, FirstName, LastName, DateOfBirth, Email, Mobile, ProfileImageUrl, GenderId) VALUES (dbo.GetStudentRollNo(3),NEWID(),'Robby','Sykes','1989-05-27','Robby.Sykes@gmaill.com',91254684676,NULL,'177a07f2-3493-49a4-a720-ac96c51c7c43')
--INSERT INTO TEACHERS(TeacherCode,Id, FirstName, LastName, DateOfBirth, Email, Mobile, ProfileImageUrl, GenderId) VALUES (dbo.GetStudentRollNo(4),NEWID(),'Lashawn','Ortiz','1989-05-28','Lashawn.Ortiz@gmaill.com',91254684686,NULL,'177a07f2-3493-49a4-a720-ac96c51c7c43')
--INSERT INTO TEACHERS(TeacherCode,Id, FirstName, LastName, DateOfBirth, Email, Mobile, ProfileImageUrl, GenderId) VALUES (dbo.GetStudentRollNo(5),NEWID(),'Garry','Espinoza','1989-05-29','Garry.Espinoza@gmaill.com',91254684696,NULL,'177a07f2-3493-49a4-a720-ac96c51c7c43')
--INSERT INTO TEACHERS(TeacherCode,Id, FirstName, LastName, DateOfBirth, Email, Mobile, ProfileImageUrl, GenderId) VALUES (dbo.GetStudentRollNo(6),NEWID(),'Linnie','Branch','1989-05-30','Linnie.Branch@gmaill.com',91254684706,NULL,'54182038-4abf-42ff-b05a-0f4c414cbc8b')
--INSERT INTO TEACHERS(TeacherCode,Id, FirstName, LastName, DateOfBirth, Email, Mobile, ProfileImageUrl, GenderId) VALUES (dbo.GetStudentRollNo(7),NEWID(),'Emmitt','Sanchez','1989-05-31','Emmitt.Sanchez@gmaill.com',91254684716,NULL,'177a07f2-3493-49a4-a720-ac96c51c7c43')
--INSERT INTO TEACHERS(TeacherCode,Id, FirstName, LastName, DateOfBirth, Email, Mobile, ProfileImageUrl, GenderId) VALUES (dbo.GetStudentRollNo(8),NEWID(),'Caren','Stephens','1989-06-01','Caren.Stephens@gmaill.com',91254684726,NULL,'177a07f2-3493-49a4-a720-ac96c51c7c43')
--INSERT INTO TEACHERS(TeacherCode,Id, FirstName, LastName, DateOfBirth, Email, Mobile, ProfileImageUrl, GenderId) VALUES (dbo.GetStudentRollNo(9),NEWID(),'Georgetta','Hardin','1989-06-02','Georgetta.Hardin@gmaill.com',91254684736,NULL,'6f08fab6-c62e-4306-9d77-c82c9c6a23ac')
--INSERT INTO TEACHERS(TeacherCode,Id, FirstName, LastName, DateOfBirth, Email, Mobile, ProfileImageUrl, GenderId) VALUES (dbo.GetStudentRollNo(1),NEWID(),'Lizzette','Stein','1989-06-03','Lizzette.Stein@gmaill.com',91254684746,NULL,'177a07f2-3493-49a4-a720-ac96c51c7c43')
--INSERT INTO TEACHERS(TeacherCode,Id, FirstName, LastName, DateOfBirth, Email, Mobile, ProfileImageUrl, GenderId) VALUES (dbo.GetStudentRollNo(2),NEWID(),'Aleta','Shepard','1989-06-04','Aleta.Shepard@gmaill.com',91254684756,NULL,'6f08fab6-c62e-4306-9d77-c82c9c6a23ac')
--INSERT INTO TEACHERS(TeacherCode,Id, FirstName, LastName, DateOfBirth, Email, Mobile, ProfileImageUrl, GenderId) VALUES (dbo.GetStudentRollNo(3),NEWID(),'Tobie','Little','1989-06-05','Tobie.Little@gmaill.com',91254684766,NULL,'177a07f2-3493-49a4-a720-ac96c51c7c43')
--INSERT INTO TEACHERS(TeacherCode,Id, FirstName, LastName, DateOfBirth, Email, Mobile, ProfileImageUrl, GenderId) VALUES (dbo.GetStudentRollNo(4),NEWID(),'Adelle','Larsen','1989-06-06','Adelle.Larsen@gmaill.com',91254684776,NULL,'54182038-4abf-42ff-b05a-0f4c414cbc8b')
--INSERT INTO TEACHERS(TeacherCode,Id, FirstName, LastName, DateOfBirth, Email, Mobile, ProfileImageUrl, GenderId) VALUES (dbo.GetStudentRollNo(5),NEWID(),'Kaylee','English','1989-06-07','Kaylee.English@gmaill.com',91254684786,NULL,'177a07f2-3493-49a4-a720-ac96c51c7c43')
--INSERT INTO TEACHERS(TeacherCode,Id, FirstName, LastName, DateOfBirth, Email, Mobile, ProfileImageUrl, GenderId) VALUES (dbo.GetStudentRollNo(6),NEWID(),'Corene','Wall','1989-06-08','Corene.Wall@gmaill.com',91254684796,NULL,'177a07f2-3493-49a4-a720-ac96c51c7c43')
--INSERT INTO TEACHERS(TeacherCode,Id, FirstName, LastName, DateOfBirth, Email, Mobile, ProfileImageUrl, GenderId) VALUES (dbo.GetStudentRollNo(7),NEWID(),'Regenia','Vaughan','1989-06-09','Regenia.Vaughan@gmaill.com',91254684806,NULL,'6f08fab6-c62e-4306-9d77-c82c9c6a23ac')
--INSERT INTO TEACHERS(TeacherCode,Id, FirstName, LastName, DateOfBirth, Email, Mobile, ProfileImageUrl, GenderId) VALUES (dbo.GetStudentRollNo(8),NEWID(),'Theo','Reese','1989-06-10','Theo.Reese@gmaill.com',91254684816,NULL,'54182038-4abf-42ff-b05a-0f4c414cbc8b')
--INSERT INTO TEACHERS(TeacherCode,Id, FirstName, LastName, DateOfBirth, Email, Mobile, ProfileImageUrl, GenderId) VALUES (dbo.GetStudentRollNo(9),NEWID(),'Santos','Valencia','1989-06-11','Santos.Valencia@gmaill.com',91254684826,NULL,'6f08fab6-c62e-4306-9d77-c82c9c6a23ac')
--INSERT INTO TEACHERS(TeacherCode,Id, FirstName, LastName, DateOfBirth, Email, Mobile, ProfileImageUrl, GenderId) VALUES (dbo.GetStudentRollNo(1),NEWID(),'Jeanice','Frost','1989-06-12','Jeanice.Frost@gmaill.com',91254684836,NULL,'6f08fab6-c62e-4306-9d77-c82c9c6a23ac')
--INSERT INTO TEACHERS(TeacherCode,Id, FirstName, LastName, DateOfBirth, Email, Mobile, ProfileImageUrl, GenderId) VALUES (dbo.GetStudentRollNo(2),NEWID(),'Syreeta','Hendricks','1989-06-13','Syreeta.Hendricks@gmaill.com',91254684846,NULL,'6f08fab6-c62e-4306-9d77-c82c9c6a23ac')
--INSERT INTO TEACHERS(TeacherCode,Id, FirstName, LastName, DateOfBirth, Email, Mobile, ProfileImageUrl, GenderId) VALUES (dbo.GetStudentRollNo(3),NEWID(),'Jamaal','Albert','1989-06-14','Jamaal.Albert@gmaill.com',91254684856,NULL,'177a07f2-3493-49a4-a720-ac96c51c7c43')
--INSERT INTO TEACHERS(TeacherCode,Id, FirstName, LastName, DateOfBirth, Email, Mobile, ProfileImageUrl, GenderId) VALUES (dbo.GetStudentRollNo(4),NEWID(),'Williemae','Holloway','1989-06-15','Williemae.Holloway@gmaill.com',91254684866,NULL,'54182038-4abf-42ff-b05a-0f4c414cbc8b')
--INSERT INTO TEACHERS(TeacherCode,Id, FirstName, LastName, DateOfBirth, Email, Mobile, ProfileImageUrl, GenderId) VALUES (dbo.GetStudentRollNo(5),NEWID(),'Araceli','Golden','1989-06-16','Araceli.Golden@gmaill.com',91254684876,NULL,'177a07f2-3493-49a4-a720-ac96c51c7c43')
--INSERT INTO TEACHERS(TeacherCode,Id, FirstName, LastName, DateOfBirth, Email, Mobile, ProfileImageUrl, GenderId) VALUES (dbo.GetStudentRollNo(6),NEWID(),'Deloris','Burke','1989-06-17','Deloris.Burke@gmaill.com',91254684886,NULL,'177a07f2-3493-49a4-a720-ac96c51c7c43')
--INSERT INTO TEACHERS(TeacherCode,Id, FirstName, LastName, DateOfBirth, Email, Mobile, ProfileImageUrl, GenderId) VALUES (dbo.GetStudentRollNo(7),NEWID(),'Brittney','Woodward','1989-06-18','Brittney.Woodward@gmaill.com',91254684896,NULL,'177a07f2-3493-49a4-a720-ac96c51c7c43')
--INSERT INTO TEACHERS(TeacherCode,Id, FirstName, LastName, DateOfBirth, Email, Mobile, ProfileImageUrl, GenderId) VALUES (dbo.GetStudentRollNo(8),NEWID(),'Guillermina','Noble','1989-06-19','Guillermina.Noble@gmaill.com',91254684906,NULL,'54182038-4abf-42ff-b05a-0f4c414cbc8b')
--INSERT INTO TEACHERS(TeacherCode,Id, FirstName, LastName, DateOfBirth, Email, Mobile, ProfileImageUrl, GenderId) VALUES (dbo.GetStudentRollNo(9),NEWID(),'Bernita','Mcdaniel','1989-06-20','Bernita.Mcdaniel@gmaill.com',91254684916,NULL,'177a07f2-3493-49a4-a720-ac96c51c7c43')
--INSERT INTO TEACHERS(TeacherCode,Id, FirstName, LastName, DateOfBirth, Email, Mobile, ProfileImageUrl, GenderId) VALUES (dbo.GetStudentRollNo(1),NEWID(),'Melia','Brady','1989-06-21','Melia.Brady@gmaill.com',91254684926,NULL,'177a07f2-3493-49a4-a720-ac96c51c7c43')
--INSERT INTO TEACHERS(TeacherCode,Id, FirstName, LastName, DateOfBirth, Email, Mobile, ProfileImageUrl, GenderId) VALUES (dbo.GetStudentRollNo(2),NEWID(),'Zelma','Browning','1989-06-22','Zelma.Browning@gmaill.com',91254684936,NULL,'54182038-4abf-42ff-b05a-0f4c414cbc8b')
--INSERT INTO TEACHERS(TeacherCode,Id, FirstName, LastName, DateOfBirth, Email, Mobile, ProfileImageUrl, GenderId) VALUES (dbo.GetStudentRollNo(3),NEWID(),'Janetta','Aguirre','1989-06-23','Janetta.Aguirre@gmaill.com',91254684946,NULL,'54182038-4abf-42ff-b05a-0f4c414cbc8b')
--INSERT INTO TEACHERS(TeacherCode,Id, FirstName, LastName, DateOfBirth, Email, Mobile, ProfileImageUrl, GenderId) VALUES (dbo.GetStudentRollNo(4),NEWID(),'Ronna','Butler','1989-06-24','Ronna.Butler@gmaill.com',91254684956,NULL,'54182038-4abf-42ff-b05a-0f4c414cbc8b')
--INSERT INTO TEACHERS(TeacherCode,Id, FirstName, LastName, DateOfBirth, Email, Mobile, ProfileImageUrl, GenderId) VALUES (dbo.GetStudentRollNo(5),NEWID(),'Kathie','Freeman','1989-06-25','Kathie.Freeman@gmaill.com',91254684966,NULL,'54182038-4abf-42ff-b05a-0f4c414cbc8b')
--INSERT INTO TEACHERS(TeacherCode,Id, FirstName, LastName, DateOfBirth, Email, Mobile, ProfileImageUrl, GenderId) VALUES (dbo.GetStudentRollNo(6),NEWID(),'Tangela','Quinn','1989-06-26','Tangela.Quinn@gmaill.com',91254684976,NULL,'54182038-4abf-42ff-b05a-0f4c414cbc8b')
--INSERT INTO TEACHERS(TeacherCode,Id, FirstName, LastName, DateOfBirth, Email, Mobile, ProfileImageUrl, GenderId) VALUES (dbo.GetStudentRollNo(7),NEWID(),'Mozelle','Carter','1989-06-27','Mozelle.Carter@gmaill.com',91254684986,NULL,'177a07f2-3493-49a4-a720-ac96c51c7c43')
--INSERT INTO TEACHERS(TeacherCode,Id, FirstName, LastName, DateOfBirth, Email, Mobile, ProfileImageUrl, GenderId) VALUES (dbo.GetStudentRollNo(8),NEWID(),'Onita','Johns','1989-06-28','Onita.Johns@gmaill.com',91254684996,NULL,'54182038-4abf-42ff-b05a-0f4c414cbc8b')
--INSERT INTO TEACHERS(TeacherCode,Id, FirstName, LastName, DateOfBirth, Email, Mobile, ProfileImageUrl, GenderId) VALUES (dbo.GetStudentRollNo(9),NEWID(),'Bennett','Armstrong','1989-06-29','Bennett.Armstrong@gmaill.com',91254685006,NULL,'177a07f2-3493-49a4-a720-ac96c51c7c43')



--INSERT INTO ADDRESS (Id, PhysicalAddress, PostalAddress, TeacherId) VALUES (NEWID(),null,null,'440BEAFA-8B1D-4C1E-BFCD-04DFD7C9450F')
--INSERT INTO ADDRESS (Id, PhysicalAddress, PostalAddress, TeacherId) VALUES (NEWID(),null,null,'07F676C2-F61A-400C-9152-FF88C944A8A2')
--INSERT INTO ADDRESS (Id, PhysicalAddress, PostalAddress, TeacherId) VALUES (NEWID(),null,null,'E95EB652-8FB2-4C36-8D22-FF4C7E94BA35')
--INSERT INTO ADDRESS (Id, PhysicalAddress, PostalAddress, TeacherId) VALUES (NEWID(),null,null,'1E76B901-81B6-4CE9-BAF9-FBFEF11857BD')
--INSERT INTO ADDRESS (Id, PhysicalAddress, PostalAddress, TeacherId) VALUES (NEWID(),null,null,'6467CA83-B3DE-4515-B429-EDD083CF163C')
--INSERT INTO ADDRESS (Id, PhysicalAddress, PostalAddress, TeacherId) VALUES (NEWID(),null,null,'0C797F1E-F808-4353-AA1E-E15638355B72')
--INSERT INTO ADDRESS (Id, PhysicalAddress, PostalAddress, TeacherId) VALUES (NEWID(),null,null,'EE6DEBF5-2D4A-4EBD-8B4E-DD84EC8156C1')
--INSERT INTO ADDRESS (Id, PhysicalAddress, PostalAddress, TeacherId) VALUES (NEWID(),null,null,'F02E7A49-A2BC-4B44-AB1B-D456C9EFFABA')
--INSERT INTO ADDRESS (Id, PhysicalAddress, PostalAddress, TeacherId) VALUES (NEWID(),null,null,'48101A28-89DA-489A-B2B6-CCB00B4FD767')
--INSERT INTO ADDRESS (Id, PhysicalAddress, PostalAddress, TeacherId) VALUES (NEWID(),null,null,'9AED3F9F-7188-42A3-967B-CC74EF83E838')
--INSERT INTO ADDRESS (Id, PhysicalAddress, PostalAddress, TeacherId) VALUES (NEWID(),null,null,'34473B08-3917-40C1-9826-CC3E7D21E9EC')
--INSERT INTO ADDRESS (Id, PhysicalAddress, PostalAddress, TeacherId) VALUES (NEWID(),null,null,'2994DE7A-3517-4140-A147-CAA68E59187B')
--INSERT INTO ADDRESS (Id, PhysicalAddress, PostalAddress, TeacherId) VALUES (NEWID(),null,null,'10CB51CF-FECE-429A-8E96-BB7D34A46817')
--INSERT INTO ADDRESS (Id, PhysicalAddress, PostalAddress, TeacherId) VALUES (NEWID(),null,null,'2D166023-A72B-4DCE-B82B-B6CF49F7FAA0')
--INSERT INTO ADDRESS (Id, PhysicalAddress, PostalAddress, TeacherId) VALUES (NEWID(),null,null,'887A8C15-B485-4F6A-A0E7-ADEEBE41A866')
--INSERT INTO ADDRESS (Id, PhysicalAddress, PostalAddress, TeacherId) VALUES (NEWID(),null,null,'600E47BA-63DE-4197-B8CB-A174C19838CE')
--INSERT INTO ADDRESS (Id, PhysicalAddress, PostalAddress, TeacherId) VALUES (NEWID(),null,null,'432ADF1B-4205-41E1-9983-9E46A414C758')
--INSERT INTO ADDRESS (Id, PhysicalAddress, PostalAddress, TeacherId) VALUES (NEWID(),null,null,'A9DDB66E-9D53-41FA-869F-979F903C242B')
--INSERT INTO ADDRESS (Id, PhysicalAddress, PostalAddress, TeacherId) VALUES (NEWID(),null,null,'DBD43B1B-F081-4CA5-96A1-963FCEFE0AB3')
--INSERT INTO ADDRESS (Id, PhysicalAddress, PostalAddress, TeacherId) VALUES (NEWID(),null,null,'EF6C282A-000F-42FC-AE8A-950EBDF57F92')
--INSERT INTO ADDRESS (Id, PhysicalAddress, PostalAddress, TeacherId) VALUES (NEWID(),null,null,'981032F6-1A9E-4B50-9B92-9457386E145D')
--INSERT INTO ADDRESS (Id, PhysicalAddress, PostalAddress, TeacherId) VALUES (NEWID(),null,null,'6530EB90-2BDE-4174-A692-9360FF871610')
--INSERT INTO ADDRESS (Id, PhysicalAddress, PostalAddress, TeacherId) VALUES (NEWID(),null,null,'46D2D9C8-2631-47BB-8B03-9222F02F2A30')
--INSERT INTO ADDRESS (Id, PhysicalAddress, PostalAddress, TeacherId) VALUES (NEWID(),null,null,'C66967CA-7AA8-4847-9BB0-90F585A0A06D')
--INSERT INTO ADDRESS (Id, PhysicalAddress, PostalAddress, TeacherId) VALUES (NEWID(),null,null,'0C8CE36E-F5F7-4C7C-933F-8B16AB1AFBF0')
--INSERT INTO ADDRESS (Id, PhysicalAddress, PostalAddress, TeacherId) VALUES (NEWID(),null,null,'240D2D63-863B-43C4-AA84-86C08C74F398')
--INSERT INTO ADDRESS (Id, PhysicalAddress, PostalAddress, TeacherId) VALUES (NEWID(),null,null,'FD7DB976-C2A3-4B4E-B120-85E7FA0AA121')
--INSERT INTO ADDRESS (Id, PhysicalAddress, PostalAddress, TeacherId) VALUES (NEWID(),null,null,'2E31962E-D614-4F69-8E8C-85DBC1AD3CFF')
--INSERT INTO ADDRESS (Id, PhysicalAddress, PostalAddress, TeacherId) VALUES (NEWID(),null,null,'38408423-EFEE-4964-B58F-791A0A87A4C7')
--INSERT INTO ADDRESS (Id, PhysicalAddress, PostalAddress, TeacherId) VALUES (NEWID(),null,null,'F12C052F-BCC0-4346-A92D-7620DB0B0003')
--INSERT INTO ADDRESS (Id, PhysicalAddress, PostalAddress, TeacherId) VALUES (NEWID(),null,null,'314A2B6A-0587-41BC-83A8-73019414EA9D')
--INSERT INTO ADDRESS (Id, PhysicalAddress, PostalAddress, TeacherId) VALUES (NEWID(),null,null,'ADA5F819-C3D1-48D9-A0D8-6FE9ACA7F4F5')
--INSERT INTO ADDRESS (Id, PhysicalAddress, PostalAddress, TeacherId) VALUES (NEWID(),null,null,'7A640902-245F-4BBF-9554-6D06BC4C6971')
--INSERT INTO ADDRESS (Id, PhysicalAddress, PostalAddress, TeacherId) VALUES (NEWID(),null,null,'17C789A4-B1D9-4C9E-9253-6CCC5951D0AD')
--INSERT INTO ADDRESS (Id, PhysicalAddress, PostalAddress, TeacherId) VALUES (NEWID(),null,null,'A40FEF74-31DE-4E1D-AC7C-621F304F96EA')
--INSERT INTO ADDRESS (Id, PhysicalAddress, PostalAddress, TeacherId) VALUES (NEWID(),null,null,'1E5E9C58-2473-41B3-8D9B-5F24379A91BC')
--INSERT INTO ADDRESS (Id, PhysicalAddress, PostalAddress, TeacherId) VALUES (NEWID(),null,null,'D42FF596-4337-4217-B17B-5DBE4FB334BD')
--INSERT INTO ADDRESS (Id, PhysicalAddress, PostalAddress, TeacherId) VALUES (NEWID(),null,null,'ED26D807-DA8B-4FF3-9E74-55E7C095357B')
--INSERT INTO ADDRESS (Id, PhysicalAddress, PostalAddress, TeacherId) VALUES (NEWID(),null,null,'A267BD81-A2CB-4B63-B110-52F5EC327EB4')
--INSERT INTO ADDRESS (Id, PhysicalAddress, PostalAddress, TeacherId) VALUES (NEWID(),null,null,'A94E61ED-A33A-4970-80E3-47623F528C2C')
--INSERT INTO ADDRESS (Id, PhysicalAddress, PostalAddress, TeacherId) VALUES (NEWID(),null,null,'0DD42D65-1E7F-4A30-8BFD-28D73BDF7795')
--INSERT INTO ADDRESS (Id, PhysicalAddress, PostalAddress, TeacherId) VALUES (NEWID(),null,null,'A834A7E3-4DD3-4873-8D6C-25CE3EE50187')
--INSERT INTO ADDRESS (Id, PhysicalAddress, PostalAddress, TeacherId) VALUES (NEWID(),null,null,'C4F521CB-F7FE-49B7-9033-1C825707CB36')
--INSERT INTO ADDRESS (Id, PhysicalAddress, PostalAddress, TeacherId) VALUES (NEWID(),null,null,'556A64C2-64E9-4F8D-A119-13D0DEA494B2')
--INSERT INTO ADDRESS (Id, PhysicalAddress, PostalAddress, TeacherId) VALUES (NEWID(),null,null,'433FD276-E1F4-405F-8E7E-0C7B00FCFFAE')
